{
  "dataset": "bot_iot",
  "strategy": "weighted_loss",
  "model": "GraphSAGE_GCNStyleAblation",
  "seeds": [
    0,
    1
  ],
  "n_seeds": 2,
  "per_seed_results": [
    {
      "seed": 0,
      "epochs_ran": 26,
      "acc": 0.9158040356819157,
      "macro_f1": 0.7118933235944163,
      "precision": 0.7093191943520306,
      "recall": 0.7194860910519555,
      "per_class": {
        "DDoS": {
          "f1": 0.9263909813686011,
          "precision": 0.8702897757340194,
          "recall": 0.9902234310644185
        },
        "DoS": {
          "f1": 0.8997024001109191,
          "precision": 0.9884164143108419,
          "recall": 0.8256016139976735
        },
        "Normal": {
          "f1": 0.7889908256880734,
          "precision": 0.7747747747747747,
          "recall": 0.8037383177570093
        },
        "Reconnaissance": {
          "f1": 0.9443824108044877,
          "precision": 0.9131150069405172,
          "recall": 0.977867092440676
        },
        "Theft": {
          "f1": 0.0,
          "precision": 0.0,
          "recall": 0.0
        }
      }
    },
    {
      "seed": 1,
      "epochs_ran": 36,
      "acc": 0.8813787557669636,
      "macro_f1": 0.7004025035645526,
      "precision": 0.698714281787298,
      "recall": 0.714473397265154,
      "per_class": {
        "DDoS": {
          "f1": 0.8984589234063334,
          "precision": 0.8202236353932909,
          "recall": 0.9931924766875417
        },
        "DoS": {
          "f1": 0.8511229643354685,
          "precision": 0.991008106389316,
          "recall": 0.7458438348196975
        },
        "Normal": {
          "f1": 0.7896995708154506,
          "precision": 0.7301587301587301,
          "recall": 0.8598130841121495
        },
        "Reconnaissance": {
          "f1": 0.9627310592655106,
          "precision": 0.9521809369951535,
          "recall": 0.9735175907063811
        },
        "Theft": {
          "f1": 0.0,
          "precision": 0.0,
          "recall": 0.0
        }
      }
    }
  ],
  "overall": {
    "acc": {
      "mean": 0.8985913957244396,
      "std": 0.024342348872107716
    },
    "macro_f1": {
      "mean": 0.7061479135794844,
      "std": 0.008125236764510813
    },
    "precision": {
      "mean": 0.7040167380696642,
      "std": 0.007498805588412855
    },
    "recall": {
      "mean": 0.7169797441585548,
      "std": 0.003544509768658993
    }
  },
  "per_class": {
    "DDoS": {
      "f1": {
        "mean": 0.9124249523874672,
        "std": 0.0197509475976152
      },
      "precision": {
        "mean": 0.8452567055636552,
        "std": 0.03540210734276651
      },
      "recall": {
        "mean": 0.9917079538759801,
        "std": 0.002099432293762709
      }
    },
    "DoS": {
      "f1": {
        "mean": 0.8754126822231938,
        "std": 0.034350848463037445
      },
      "precision": {
        "mean": 0.989712260350079,
        "std": 0.0018326030434364904
      },
      "recall": {
        "mean": 0.7857227244086855,
        "std": 0.05639726650912605
      }
    },
    "Normal": {
      "f1": {
        "mean": 0.7893451982517621,
        "std": 0.0005011584857013239
      },
      "precision": {
        "mean": 0.7524667524667524,
        "std": 0.03154830769772671
      },
      "recall": {
        "mean": 0.8317757009345794,
        "std": 0.03965084754317089
      }
    },
    "Reconnaissance": {
      "f1": {
        "mean": 0.9535567350349992,
        "std": 0.012974453752397409
      },
      "precision": {
        "mean": 0.9326479719678353,
        "std": 0.027623784054992696
      },
      "recall": {
        "mean": 0.9756923415735286,
        "std": 0.0030755621711025982
      }
    },
    "Theft": {
      "f1": {
        "mean": 0.0,
        "std": 0.0
      },
      "precision": {
        "mean": 0.0,
        "std": 0.0
      },
      "recall": {
        "mean": 0.0,
        "std": 0.0
      }
    }
  }
}