{
  "dataset": "bot_iot",
  "strategy": "weighted_loss",
  "model": "GAT_UniformAttnAblation",
  "seeds": [
    0,
    1
  ],
  "n_seeds": 2,
  "per_seed_results": [
    {
      "seed": 0,
      "epochs_ran": 38,
      "acc": 0.9472553683019742,
      "macro_f1": 0.73703190790623,
      "precision": 0.7344284109694701,
      "recall": 0.7415825298625476,
      "per_class": {
        "DDoS": {
          "f1": 0.9525217808328671,
          "precision": 0.9180274196848782,
          "recall": 0.9897095577834932
        },
        "DoS": {
          "f1": 0.9406240061064818,
          "precision": 0.9900344125759889,
          "recall": 0.8959110847227607
        },
        "Normal": {
          "f1": 0.8450704225352113,
          "precision": 0.8490566037735849,
          "recall": 0.8411214953271028
        },
        "Reconnaissance": {
          "f1": 0.9469433300565903,
          "precision": 0.915023618812898,
          "recall": 0.9811705114793812
        },
        "Theft": {
          "f1": 0.0,
          "precision": 0.0,
          "recall": 0.0
        }
      }
    },
    {
      "seed": 1,
      "epochs_ran": 28,
      "acc": 0.9638451421211522,
      "macro_f1": 0.7457031012095336,
      "precision": 0.7397992158624458,
      "recall": 0.7523800341651561,
      "per_class": {
        "DDoS": {
          "f1": 0.9677400468384075,
          "precision": 0.9495368046137208,
          "recall": 0.9866548666135492
        },
        "DoS": {
          "f1": 0.960021614134899,
          "precision": 0.9847950533750012,
          "recall": 0.9364639879798371
        },
        "Normal": {
          "f1": 0.8518518518518519,
          "precision": 0.8440366972477065,
          "recall": 0.8598130841121495
        },
        "Reconnaissance": {
          "f1": 0.9489019932225098,
          "precision": 0.9206275240758,
          "recall": 0.9789682321202444
        },
        "Theft": {
          "f1": 0.0,
          "precision": 0.0,
          "recall": 0.0
        }
      }
    }
  ],
  "overall": {
    "acc": {
      "mean": 0.9555502552115632,
      "std": 0.011730741565891836
    },
    "macro_f1": {
      "mean": 0.7413675045578818,
      "std": 0.006131459585745413
    },
    "precision": {
      "mean": 0.7371138134159579,
      "std": 0.003797732560253007
    },
    "recall": {
      "mean": 0.7469812820138518,
      "std": 0.007634988512265399
    }
  },
  "per_class": {
    "DDoS": {
      "f1": {
        "mean": 0.9601309138356373,
        "std": 0.010760939090418357
      },
      "precision": {
        "mean": 0.9337821121492995,
        "std": 0.022280499754201794
      },
      "recall": {
        "mean": 0.9881822121985212,
        "std": 0.0021599928406981113
      }
    },
    "DoS": {
      "f1": {
        "mean": 0.9503228101206904,
        "std": 0.013716180175692396
      },
      "precision": {
        "mean": 0.987414732975495,
        "std": 0.003704786420090552
      },
      "recall": {
        "mean": 0.9161875363512989,
        "std": 0.028675232889880744
      }
    },
    "Normal": {
      "f1": {
        "mean": 0.8484611371935316,
        "std": 0.004795194655933829
      },
      "precision": {
        "mean": 0.8465466505106457,
        "std": 0.0035496099453712696
      },
      "recall": {
        "mean": 0.8504672897196262,
        "std": 0.013216949181056965
      }
    },
    "Reconnaissance": {
      "f1": {
        "mean": 0.94792266163955,
        "std": 0.0013849840066820099
      },
      "precision": {
        "mean": 0.917825571444349,
        "std": 0.003962559412524986
      },
      "recall": {
        "mean": 0.9800693717998128,
        "std": 0.0015572466689127596
      }
    },
    "Theft": {
      "f1": {
        "mean": 0.0,
        "std": 0.0
      },
      "precision": {
        "mean": 0.0,
        "std": 0.0
      },
      "recall": {
        "mean": 0.0,
        "std": 0.0
      }
    }
  }
}