{
  "dataset": "ton_iot",
  "strategy": "unweighted_loss",
  "model": "GraphSAGE_GCNStyleAblation",
  "seeds": [
    0,
    1
  ],
  "n_seeds": 2,
  "per_seed_results": [
    {
      "seed": 0,
      "epochs_ran": 34,
      "acc": 0.9002908796347435,
      "macro_f1": 0.8118362210736126,
      "precision": 0.8094171376586183,
      "recall": 0.8150333333333333,
      "per_class": {
        "backdoor": {
          "f1": 0.9973386560212908,
          "precision": 0.9953519256308101,
          "recall": 0.9993333333333333
        },
        "ddos": {
          "f1": 0.852151818326187,
          "precision": 0.8137700940248711,
          "recall": 0.8943333333333333
        },
        "dos": {
          "f1": 0.9729006356641017,
          "precision": 0.9764942914707858,
          "recall": 0.9693333333333334
        },
        "injection": {
          "f1": 0.7568208778173191,
          "precision": 0.7697345742847294,
          "recall": 0.7443333333333333
        },
        "mitm": {
          "f1": 0.0,
          "precision": 0.0,
          "recall": 0.0
        },
        "normal": {
          "f1": 0.9897942111427137,
          "precision": 0.9936177359758146,
          "recall": 0.986
        },
        "password": {
          "f1": 0.7217602217602218,
          "precision": 0.7514430014430015,
          "recall": 0.6943333333333334
        },
        "ransomware": {
          "f1": 0.9887417218543046,
          "precision": 0.9822368421052632,
          "recall": 0.9953333333333333
        },
        "scanning": {
          "f1": 0.9510330242394665,
          "precision": 0.928821099459803,
          "recall": 0.9743333333333334
        },
        "xss": {
          "f1": 0.887821043910522,
          "precision": 0.8827018121911038,
          "recall": 0.893
        }
      }
    },
    {
      "seed": 1,
      "epochs_ran": 49,
      "acc": 0.9005486210832505,
      "macro_f1": 0.8119747572094769,
      "precision": 0.809373324829705,
      "recall": 0.8152666666666667,
      "per_class": {
        "backdoor": {
          "f1": 0.9981688030630931,
          "precision": 0.9970069837046891,
          "recall": 0.9993333333333333
        },
        "ddos": {
          "f1": 0.8585381735308482,
          "precision": 0.8390073178491887,
          "recall": 0.879
        },
        "dos": {
          "f1": 0.9728824907934382,
          "precision": 0.9771351714862139,
          "recall": 0.9686666666666667
        },
        "injection": {
          "f1": 0.7652977074055748,
          "precision": 0.7574273587985635,
          "recall": 0.7733333333333333
        },
        "mitm": {
          "f1": 0.0,
          "precision": 0.0,
          "recall": 0.0
        },
        "normal": {
          "f1": 0.994316282179873,
          "precision": 0.9973172367538564,
          "recall": 0.9913333333333333
        },
        "password": {
          "f1": 0.7021052631578948,
          "precision": 0.7411111111111112,
          "recall": 0.667
        },
        "ransomware": {
          "f1": 0.9900793650793651,
          "precision": 0.9822834645669292,
          "recall": 0.998
        },
        "scanning": {
          "f1": 0.9518872509314757,
          "precision": 0.925937598487236,
          "recall": 0.9793333333333333
        },
        "xss": {
          "f1": 0.8864722359532048,
          "precision": 0.8765070055392636,
          "recall": 0.8966666666666666
        }
      }
    }
  ],
  "overall": {
    "acc": {
      "mean": 0.900419750358997,
      "std": 0.00018225072603213408
    },
    "macro_f1": {
      "mean": 0.8119054891415447,
      "std": 9.795984110897875e-05
    },
    "precision": {
      "mean": 0.8093952312441617,
      "std": 3.0980348427562794e-05
    },
    "recall": {
      "mean": 0.81515,
      "std": 0.00016499158227692141
    }
  },
  "per_class": {
    "backdoor": {
      "f1": {
        "mean": 0.9977537295421919,
        "std": 0.0005870026026403496
      },
      "precision": {
        "mean": 0.9961794546677496,
        "std": 0.0011703027872973877
      },
      "recall": {
        "mean": 0.9993333333333333,
        "std": 0.0
      }
    },
    "ddos": {
      "f1": {
        "mean": 0.8553449959285175,
        "std": 0.004515835072281887
      },
      "precision": {
        "mean": 0.8263887059370298,
        "std": 0.017845412104497662
      },
      "recall": {
        "mean": 0.8866666666666667,
        "std": 0.010842303978193713
      }
    },
    "dos": {
      "f1": {
        "mean": 0.97289156322877,
        "std": 1.2830361089862759e-05
      },
      "precision": {
        "mean": 0.9768147314784998,
        "std": 0.00045317060483611904
      },
      "recall": {
        "mean": 0.9690000000000001,
        "std": 0.00047140452079105826
      }
    },
    "injection": {
      "f1": {
        "mean": 0.761059292611447,
        "std": 0.005994023684818365
      },
      "precision": {
        "mean": 0.7635809665416464,
        "std": 0.008702515527791978
      },
      "recall": {
        "mean": 0.7588333333333332,
        "std": 0.020506096654409896
      }
    },
    "mitm": {
      "f1": {
        "mean": 0.0,
        "std": 0.0
      },
      "precision": {
        "mean": 0.0,
        "std": 0.0
      },
      "recall": {
        "mean": 0.0,
        "std": 0.0
      }
    },
    "normal": {
      "f1": {
        "mean": 0.9920552466612933,
        "std": 0.0031975870953826198
      },
      "precision": {
        "mean": 0.9954674863648355,
        "std": 0.0026159420871582793
      },
      "recall": {
        "mean": 0.9886666666666666,
        "std": 0.0037712361663282306
      }
    },
    "password": {
      "f1": {
        "mean": 0.7119327424590582,
        "std": 0.013898154511646303
      },
      "precision": {
        "mean": 0.7462770562770563,
        "std": 0.007305749716155363
      },
      "recall": {
        "mean": 0.6806666666666668,
        "std": 0.01932758535243229
      }
    },
    "ransomware": {
      "f1": {
        "mean": 0.9894105434668349,
        "std": 0.0009458565952485013
      },
      "precision": {
        "mean": 0.9822601533360962,
        "std": 3.2967058799623886e-05
      },
      "recall": {
        "mean": 0.9966666666666666,
        "std": 0.0018856180831641545
      }
    },
    "scanning": {
      "f1": {
        "mean": 0.9514601375854711,
        "std": 0.000604029486590326
      },
      "precision": {
        "mean": 0.9273793489735195,
        "std": 0.0020389430912600985
      },
      "recall": {
        "mean": 0.9768333333333333,
        "std": 0.003535533905932662
      }
    },
    "xss": {
      "f1": {
        "mean": 0.8871466399318634,
        "std": 0.0009537512531373515
      },
      "precision": {
        "mean": 0.8796044088651838,
        "std": 0.004380389791655691
      },
      "recall": {
        "mean": 0.8948333333333334,
        "std": 0.0025927248643506243
      }
    }
  }
}