{
  "dataset": "bot_iot",
  "strategy": "unweighted_loss",
  "model": "GCN",
  "seeds": [
    0,
    1
  ],
  "n_seeds": 2,
  "per_seed_results": [
    {
      "seed": 0,
      "epochs_ran": 33,
      "acc": 0.893815634348955,
      "macro_f1": 0.5846225729165385,
      "precision": 0.7459014032234756,
      "recall": 0.5615543214197493,
      "per_class": {
        "DDoS": {
          "f1": 0.9084343576842919,
          "precision": 0.8361627787707571,
          "recall": 0.9943811330646313
        },
        "DoS": {
          "f1": 0.8689908830707939,
          "precision": 0.989908768451542,
          "recall": 0.774397780147344
        },
        "Normal": {
          "f1": 0.18487394957983194,
          "precision": 0.9166666666666666,
          "recall": 0.102803738317757
        },
        "Reconnaissance": {
          "f1": 0.9608136742477751,
          "precision": 0.9867688022284122,
          "recall": 0.9361889555690139
        },
        "Theft": {
          "f1": 0.0,
          "precision": 0.0,
          "recall": 0.0
        }
      }
    },
    {
      "seed": 1,
      "epochs_ran": 31,
      "acc": 0.8824009649654834,
      "macro_f1": 0.5606927922762713,
      "precision": 0.7249657941240943,
      "recall": 0.5468446778861046,
      "per_class": {
        "DDoS": {
          "f1": 0.8993465804218659,
          "precision": 0.8220476130094371,
          "recall": 0.9926915800046197
        },
        "DoS": {
          "f1": 0.8528418135976801,
          "precision": 0.9873716341958134,
          "recall": 0.7505755622334238
        },
        "Normal": {
          "f1": 0.08849557522123894,
          "precision": 0.8333333333333334,
          "recall": 0.04672897196261682
        },
        "Reconnaissance": {
          "f1": 0.9627799921405715,
          "precision": 0.9820763900818874,
          "recall": 0.9442272752298629
        },
        "Theft": {
          "f1": 0.0,
          "precision": 0.0,
          "recall": 0.0
        }
      }
    }
  ],
  "overall": {
    "acc": {
      "mean": 0.8881082996572192,
      "std": 0.00807139012605522
    },
    "macro_f1": {
      "mean": 0.5726576825964049,
      "std": 0.01692091016303949
    },
    "precision": {
      "mean": 0.735433598673785,
      "std": 0.014803711162443308
    },
    "recall": {
      "mean": 0.5541994996529269,
      "std": 0.010401288691477
    }
  },
  "per_class": {
    "DDoS": {
      "f1": {
        "mean": 0.9038904690530789,
        "std": 0.006426028928174375
      },
      "precision": {
        "mean": 0.829105195890097,
        "std": 0.009980929427401542
      },
      "recall": {
        "mean": 0.9935363565346255,
        "std": 0.0011946944259086964
      }
    },
    "DoS": {
      "f1": {
        "mean": 0.860916348334237,
        "std": 0.011419116534291424
      },
      "precision": {
        "mean": 0.9886402013236777,
        "std": 0.001794024837006339
      },
      "recall": {
        "mean": 0.7624866711903839,
        "std": 0.016844851829836582
      }
    },
    "Normal": {
      "f1": {
        "mean": 0.13668476240053545,
        "std": 0.06814980206869678
      },
      "precision": {
        "mean": 0.875,
        "std": 0.058925565098878904
      },
      "recall": {
        "mean": 0.07476635514018691,
        "std": 0.039650847543170886
      }
    },
    "Reconnaissance": {
      "f1": {
        "mean": 0.9617968331941733,
        "std": 0.0013903967159648077
      },
      "precision": {
        "mean": 0.9844225961551498,
        "std": 0.0033180364489298285
      },
      "recall": {
        "mean": 0.9402081153994384,
        "std": 0.0056839503415314786
      }
    },
    "Theft": {
      "f1": {
        "mean": 0.0,
        "std": 0.0
      },
      "precision": {
        "mean": 0.0,
        "std": 0.0
      },
      "recall": {
        "mean": 0.0,
        "std": 0.0
      }
    }
  }
}