{
  "dataset": "bot_iot",
  "strategy": "unweighted_loss",
  "model": "GraphSAGE",
  "seeds": [
    0,
    1
  ],
  "n_seeds": 2,
  "per_seed_results": [
    {
      "seed": 0,
      "epochs_ran": 44,
      "acc": 0.9980891502715669,
      "macro_f1": 0.5958425315291244,
      "precision": 0.5972727345598237,
      "recall": 0.5944370502974505,
      "per_class": {
        "DDoS": {
          "f1": 0.9986812764620828,
          "precision": 0.9989094676384521,
          "recall": 0.9984531895180232
        },
        "DoS": {
          "f1": 0.9984549148387194,
          "precision": 0.9975778138636137,
          "recall": 0.9993335595191934
        },
        "Normal": {
          "f1": 0.0,
          "precision": 0.0,
          "recall": 0.0
        },
        "Reconnaissance": {
          "f1": 0.9820764663448199,
          "precision": 0.9898763912970524,
          "recall": 0.9743985024500358
        },
        "Theft": {
          "f1": 0.0,
          "precision": 0.0,
          "recall": 0.0
        }
      }
    },
    {
      "seed": 1,
      "epochs_ran": 32,
      "acc": 0.9980223659372636,
      "macro_f1": 0.5958268765814201,
      "precision": 0.5968864339001376,
      "recall": 0.5947811817890164,
      "per_class": {
        "DDoS": {
          "f1": 0.9986281653106226,
          "precision": 0.9987798292799435,
          "recall": 0.9984765473944289
        },
        "DoS": {
          "f1": 0.9983668218110267,
          "precision": 0.9976857664045885,
          "recall": 0.9990488076773943
        },
        "Normal": {
          "f1": 0.0,
          "precision": 0.0,
          "recall": 0.0
        },
        "Reconnaissance": {
          "f1": 0.9821393957854512,
          "precision": 0.9879665738161559,
          "recall": 0.9763805538732588
        },
        "Theft": {
          "f1": 0.0,
          "precision": 0.0,
          "recall": 0.0
        }
      }
    }
  ],
  "overall": {
    "acc": {
      "mean": 0.9980557581044152,
      "std": 4.722365566288832e-05
    },
    "macro_f1": {
      "mean": 0.5958347040552723,
      "std": 1.1069719680817162e-05
    },
    "precision": {
      "mean": 0.5970795842299806,
      "std": 0.0002731558160408315
    },
    "recall": {
      "mean": 0.5946091160432334,
      "std": 0.00024333771130606707
    }
  },
  "per_class": {
    "DDoS": {
      "f1": {
        "mean": 0.9986547208863528,
        "std": 3.75552553541529e-05
      },
      "precision": {
        "mean": 0.9988446484591977,
        "std": 9.166816240336249e-05
      },
      "recall": {
        "mean": 0.9984648684562261,
        "std": 1.6516512800607105e-05
      }
    },
    "DoS": {
      "f1": {
        "mean": 0.998410868324873,
        "std": 6.229117725679663e-05
      },
      "precision": {
        "mean": 0.9976317901341011,
        "std": 7.633397376962994e-05
      },
      "recall": {
        "mean": 0.9991911835982938,
        "std": 0.0002013499582915043
      }
    },
    "Normal": {
      "f1": {
        "mean": 0.0,
        "std": 0.0
      },
      "precision": {
        "mean": 0.0,
        "std": 0.0
      },
      "recall": {
        "mean": 0.0,
        "std": 0.0
      }
    },
    "Reconnaissance": {
      "f1": {
        "mean": 0.9821079310651355,
        "std": 4.449783420662822e-05
      },
      "precision": {
        "mean": 0.9889214825566042,
        "std": 0.0013504448915705033
      },
      "recall": {
        "mean": 0.9753895281616474,
        "std": 0.001401522002021468
      }
    },
    "Theft": {
      "f1": {
        "mean": 0.0,
        "std": 0.0
      },
      "precision": {
        "mean": 0.0,
        "std": 0.0
      },
      "recall": {
        "mean": 0.0,
        "std": 0.0
      }
    }
  }
}