{
  "dataset": "bot_iot",
  "strategy": "GraphSMOTE",
  "model": "GGNN",
  "seeds": [
    0,
    1
  ],
  "n_seeds": 2,
  "per_seed_results": [
    {
      "seed": 0,
      "epochs_ran": 28,
      "acc": 0.9950252485672034,
      "macro_f1": 0.6520628594780631,
      "precision": 0.6301362376988339,
      "recall": 0.78218895505678,
      "per_class": {
        "DDoS": {
          "f1": 0.9962284475782698,
          "precision": 0.9939853043001974,
          "recall": 0.9984817380336302
        },
        "DoS": {
          "f1": 0.9954189336565598,
          "precision": 0.9982421934501142,
          "recall": 0.992611598487786
        },
        "Normal": {
          "f1": 0.2926829268292683,
          "precision": 0.17288135593220338,
          "recall": 0.9532710280373832
        },
        "Reconnaissance": {
          "f1": 0.9759839893262174,
          "precision": 0.9855723348116544,
          "recall": 0.9665804107251005
        },
        "Theft": {
          "f1": 0.0,
          "precision": 0.0,
          "recall": 0.0
        }
      }
    },
    {
      "seed": 1,
      "epochs_ran": 22,
      "acc": 0.9905329798761082,
      "macro_f1": 0.5975525443014265,
      "precision": 0.5976243489337468,
      "recall": 0.7753672219796078,
      "per_class": {
        "DDoS": {
          "f1": 0.9948403694498783,
          "precision": 0.9991570548228507,
          "recall": 0.9905608226125007
        },
        "DoS": {
          "f1": 0.9929712189914492,
          "precision": 0.9899026086432947,
          "recall": 0.9960589133385033
        },
        "Normal": {
          "f1": 0.0764832022873481,
          "precision": 0.03976217019695281,
          "recall": 1.0
        },
        "Reconnaissance": {
          "f1": 0.9234679307784568,
          "precision": 0.9592999110056363,
          "recall": 0.8902163739470352
        },
        "Theft": {
          "f1": 0.0,
          "precision": 0.0,
          "recall": 0.0
        }
      }
    }
  ],
  "overall": {
    "acc": {
      "mean": 0.9927791142216558,
      "std": 0.0031765136543854336
    },
    "macro_f1": {
      "mean": 0.6248077018897448,
      "std": 0.038544613506015735
    },
    "precision": {
      "mean": 0.6138802933162903,
      "std": 0.022989377014975772
    },
    "recall": {
      "mean": 0.7787780885181939,
      "std": 0.004823693718313004
    }
  },
  "per_class": {
    "DDoS": {
      "f1": {
        "mean": 0.995534408514074,
        "std": 0.000981519457402346
      },
      "precision": {
        "mean": 0.996571179561524,
        "std": 0.0036569798651732086
      },
      "recall": {
        "mean": 0.9945212803230654,
        "std": 0.005600933007485763
      }
    },
    "DoS": {
      "f1": {
        "mean": 0.9941950763240045,
        "std": 0.0017307956381094022
      },
      "precision": {
        "mean": 0.9940724010467045,
        "std": 0.00589697696918238
      },
      "recall": {
        "mean": 0.9943352559131446,
        "std": 0.0024376197078272606
      }
    },
    "Normal": {
      "f1": {
        "mean": 0.1845830645583082,
        "std": 0.1528762913142554
      },
      "precision": {
        "mean": 0.10632176306457809,
        "std": 0.0941294789394272
      },
      "recall": {
        "mean": 0.9766355140186915,
        "std": 0.03304237295264241
      }
    },
    "Reconnaissance": {
      "f1": {
        "mean": 0.9497259600523371,
        "std": 0.03713446112031131
      },
      "precision": {
        "mean": 0.9724361229086453,
        "std": 0.018577409031442303
      },
      "recall": {
        "mean": 0.9283983923360679,
        "std": 0.05399752824454885
      }
    },
    "Theft": {
      "f1": {
        "mean": 0.0,
        "std": 0.0
      },
      "precision": {
        "mean": 0.0,
        "std": 0.0
      },
      "recall": {
        "mean": 0.0,
        "std": 0.0
      }
    }
  }
}