{
  "dataset": "bot_iot",
  "strategy": "GraphSMOTE",
  "model": "GAT",
  "seeds": [
    0,
    1
  ],
  "n_seeds": 2,
  "per_seed_results": [
    {
      "seed": 0,
      "epochs_ran": 77,
      "acc": 0.9970151491403221,
      "macro_f1": 0.7472784559038812,
      "precision": 0.7397462943736458,
      "recall": 0.7568053572577627,
      "per_class": {
        "DDoS": {
          "f1": 0.9979035367438915,
          "precision": 0.9976395089140963,
          "recall": 0.9981677043619537
        },
        "DoS": {
          "f1": 0.9973270045195722,
          "precision": 0.9966361133799195,
          "recall": 0.998018854207057
        },
        "Normal": {
          "f1": 0.7672413793103449,
          "precision": 0.712,
          "recall": 0.8317757009345794
        },
        "Reconnaissance": {
          "f1": 0.9739203589455973,
          "precision": 0.9924558495742127,
          "recall": 0.9560645267852227
        },
        "Theft": {
          "f1": 0.0,
          "precision": 0.0,
          "recall": 0.0
        }
      }
    },
    {
      "seed": 1,
      "epochs_ran": 21,
      "acc": 0.9869688771372691,
      "macro_f1": 0.5871086528420442,
      "precision": 0.5953671180717262,
      "recall": 0.7674118015114335,
      "per_class": {
        "DDoS": {
          "f1": 0.9943257906233592,
          "precision": 0.9933380992343477,
          "recall": 0.9953154481208588
        },
        "DoS": {
          "f1": 0.9896093771412388,
          "precision": 0.9948780592344949,
          "recall": 0.9843962049243893
        },
        "Normal": {
          "f1": 0.042851421706047256,
          "precision": 0.021894822999795376,
          "recall": 1.0
        },
        "Reconnaissance": {
          "f1": 0.9087566747395758,
          "precision": 0.9667246088899926,
          "recall": 0.8573473545119198
        },
        "Theft": {
          "f1": 0.0,
          "precision": 0.0,
          "recall": 0.0
        }
      }
    }
  ],
  "overall": {
    "acc": {
      "mean": 0.9919920131387956,
      "std": 0.007103787059003315
    },
    "macro_f1": {
      "mean": 0.6671935543729627,
      "std": 0.11325715388633881
    },
    "precision": {
      "mean": 0.6675567062226859,
      "std": 0.10209149462521547
    },
    "recall": {
      "mean": 0.7621085793845981,
      "std": 0.007499888656047751
    }
  },
  "per_class": {
    "DDoS": {
      "f1": {
        "mean": 0.9961146636836253,
        "std": 0.002529848543192252
      },
      "precision": {
        "mean": 0.995488804074222,
        "std": 0.003041555953211669
      },
      "recall": {
        "mean": 0.9967415762414062,
        "std": 0.0020168497297598305
      }
    },
    "DoS": {
      "f1": {
        "mean": 0.9934681908304055,
        "std": 0.005457186653890561
      },
      "precision": {
        "mean": 0.9957570863072072,
        "std": 0.0012431320079228736
      },
      "recall": {
        "mean": 0.9912075295657232,
        "std": 0.009632667685500433
      }
    },
    "Normal": {
      "f1": {
        "mean": 0.40504640050819607,
        "std": 0.5122210512454345
      },
      "precision": {
        "mean": 0.3669474114998977,
        "std": 0.4879780503887873
      },
      "recall": {
        "mean": 0.9158878504672897,
        "std": 0.11895254262951269
      }
    },
    "Reconnaissance": {
      "f1": {
        "mean": 0.9413385168425865,
        "std": 0.04607768298917651
      },
      "precision": {
        "mean": 0.9795902292321026,
        "std": 0.01819473477615526
      },
      "recall": {
        "mean": 0.9067059406485712,
        "std": 0.0698035819340131
      }
    },
    "Theft": {
      "f1": {
        "mean": 0.0,
        "std": 0.0
      },
      "precision": {
        "mean": 0.0,
        "std": 0.0
      },
      "recall": {
        "mean": 0.0,
        "std": 0.0
      }
    }
  }
}