{
  "dataset": "bot_iot",
  "strategy": "unweighted_loss",
  "model": "GAT",
  "seeds": [
    0,
    1
  ],
  "n_seeds": 2,
  "per_seed_results": [
    {
      "seed": 0,
      "epochs_ran": 29,
      "acc": 0.9961047014808404,
      "macro_f1": 0.5932760137986712,
      "precision": 0.5956903017049697,
      "recall": 0.5909287740597863,
      "per_class": {
        "DDoS": {
          "f1": 0.9970835722607245,
          "precision": 0.9968404423380727,
          "recall": 0.9973268208113488
        },
        "DoS": {
          "f1": 0.996404930467571,
          "precision": 0.9957974675884604,
          "recall": 0.9970131349360217
        },
        "Normal": {
          "f1": 0.0,
          "precision": 0.0,
          "recall": 0.0
        },
        "Reconnaissance": {
          "f1": 0.9728915662650602,
          "precision": 0.9858135985983157,
          "recall": 0.9603039145515608
        },
        "Theft": {
          "f1": 0.0,
          "precision": 0.0,
          "recall": 0.0
        }
      }
    },
    {
      "seed": 1,
      "epochs_ran": 49,
      "acc": 0.9965694659297674,
      "macro_f1": 0.6508317748011926,
      "precision": 0.7858527753705028,
      "recall": 0.6247248106028882,
      "per_class": {
        "DDoS": {
          "f1": 0.9974976467507007,
          "precision": 0.9966499553068283,
          "recall": 0.9983467814143973
        },
        "DoS": {
          "f1": 0.996861490549633,
          "precision": 0.9969188727376286,
          "recall": 0.9968041149670415
        },
        "Normal": {
          "f1": 0.2857142857142857,
          "precision": 0.9473684210526315,
          "recall": 0.16822429906542055
        },
        "Reconnaissance": {
          "f1": 0.9740854509913432,
          "precision": 0.9883266277554259,
          "recall": 0.9602488575675825
        },
        "Theft": {
          "f1": 0.0,
          "precision": 0.0,
          "recall": 0.0
        }
      }
    }
  ],
  "overall": {
    "acc": {
      "mean": 0.9963370837053038,
      "std": 0.00032863809349068055
    },
    "macro_f1": {
      "mean": 0.6220538942999319,
      "std": 0.04069806890123509
    },
    "precision": {
      "mean": 0.6907715385377362,
      "std": 0.13446517465610672
    },
    "recall": {
      "mean": 0.6078267923313372,
      "std": 0.023897406616855736
    }
  },
  "per_class": {
    "DDoS": {
      "f1": {
        "mean": 0.9972906095057126,
        "std": 0.0002927948797785411
      },
      "precision": {
        "mean": 0.9967451988224505,
        "std": 0.00013469467152097886
      },
      "recall": {
        "mean": 0.9978368011128731,
        "std": 0.0007212210589586658
      }
    },
    "DoS": {
      "f1": {
        "mean": 0.996633210508602,
        "std": 0.0003228367300451792
      },
      "precision": {
        "mean": 0.9963581701630445,
        "std": 0.0007929531854343051
      },
      "recall": {
        "mean": 0.9969086249515315,
        "std": 0.00014779943746934498
      }
    },
    "Normal": {
      "f1": {
        "mean": 0.14285714285714285,
        "std": 0.20203050891044214
      },
      "precision": {
        "mean": 0.47368421052631576,
        "std": 0.6698906348083081
      },
      "recall": {
        "mean": 0.08411214953271028,
        "std": 0.11895254262951266
      }
    },
    "Reconnaissance": {
      "f1": {
        "mean": 0.9734885086282017,
        "std": 0.000844203985909763
      },
      "precision": {
        "mean": 0.9870701131768709,
        "std": 0.0017769799583121065
      },
      "recall": {
        "mean": 0.9602763860595717,
        "std": 3.893116672276404e-05
      }
    },
    "Theft": {
      "f1": {
        "mean": 0.0,
        "std": 0.0
      },
      "precision": {
        "mean": 0.0,
        "std": 0.0
      },
      "recall": {
        "mean": 0.0,
        "std": 0.0
      }
    }
  }
}