{
  "dataset": "bot_iot",
  "strategy": "weighted_loss",
  "model": "GAT",
  "seeds": [
    0,
    1
  ],
  "n_seeds": 2,
  "per_seed_results": [
    {
      "seed": 0,
      "epochs_ran": 43,
      "acc": 0.9953496296195338,
      "macro_f1": 0.8562104034061223,
      "precision": 0.970218004933232,
      "recall": 0.8223213371258593,
      "per_class": {
        "DDoS": {
          "f1": 0.9961120013713182,
          "precision": 0.9968317336057159,
          "recall": 0.9953933077088778
        },
        "DoS": {
          "f1": 0.9964737562300257,
          "precision": 0.9969496387171503,
          "recall": 0.9959983278402481
        },
        "Normal": {
          "f1": 0.883495145631068,
          "precision": 0.9191919191919192,
          "recall": 0.8504672897196262
        },
        "Reconnaissance": {
          "f1": 0.9605266693537552,
          "precision": 0.9381167331513752,
          "recall": 0.9840334746462589
        },
        "Theft": {
          "f1": 0.4444444444444444,
          "precision": 1.0,
          "recall": 0.2857142857142857
        }
      }
    },
    {
      "seed": 1,
      "epochs_ran": 28,
      "acc": 0.9940384759542323,
      "macro_f1": 0.7671210503056862,
      "precision": 0.7642130686877161,
      "recall": 0.7704717641923317,
      "per_class": {
        "DDoS": {
          "f1": 0.9949907491497285,
          "precision": 0.9976387341527752,
          "recall": 0.9923567837761381
        },
        "DoS": {
          "f1": 0.9952338383861302,
          "precision": 0.9938883467721227,
          "recall": 0.9965829778984102
        },
        "Normal": {
          "f1": 0.8909952606635071,
          "precision": 0.9038461538461539,
          "recall": 0.8785046728971962
        },
        "Reconnaissance": {
          "f1": 0.9543854033290653,
          "precision": 0.9256921086675292,
          "recall": 0.9849143863899136
        },
        "Theft": {
          "f1": 0.0,
          "precision": 0.0,
          "recall": 0.0
        }
      }
    }
  ],
  "overall": {
    "acc": {
      "mean": 0.994694052786883,
      "std": 0.0009271256479122411
    },
    "macro_f1": {
      "mean": 0.8116657268559042,
      "std": 0.06299568570884113
    },
    "precision": {
      "mean": 0.867215536810474,
      "std": 0.14566748737710666
    },
    "recall": {
      "mean": 0.7963965506590955,
      "std": 0.03666318462292388
    }
  },
  "per_class": {
    "DDoS": {
      "f1": {
        "mean": 0.9955513752605234,
        "std": 0.0007928450493065247
      },
      "precision": {
        "mean": 0.9972352338792455,
        "std": 0.0005706355592468768
      },
      "recall": {
        "mean": 0.993875045742508,
        "std": 0.002147146664075469
      }
    },
    "DoS": {
      "f1": {
        "mean": 0.9958537973080779,
        "std": 0.0008767543155326636
      },
      "precision": {
        "mean": 0.9954189927446364,
        "std": 0.002164660293520756
      },
      "recall": {
        "mean": 0.9962906528693292,
        "std": 0.00041341002074753467
      }
    },
    "Normal": {
      "f1": {
        "mean": 0.8872452031472875,
        "std": 0.005303382199116837
      },
      "precision": {
        "mean": 0.9115190365190365,
        "std": 0.010851094738488219
      },
      "recall": {
        "mean": 0.8644859813084111,
        "std": 0.019825423771585447
      }
    },
    "Reconnaissance": {
      "f1": {
        "mean": 0.9574560363414102,
        "std": 0.004342530851128777
      },
      "precision": {
        "mean": 0.9319044209094522,
        "std": 0.008785536226223963
      },
      "recall": {
        "mean": 0.9844739305180863,
        "std": 0.0006228986675650882
      }
    },
    "Theft": {
      "f1": {
        "mean": 0.2222222222222222,
        "std": 0.31426968052735443
      },
      "precision": {
        "mean": 0.5,
        "std": 0.7071067811865476
      },
      "recall": {
        "mean": 0.14285714285714285,
        "std": 0.20203050891044214
      }
    }
  }
}