{
  "dataset": "bot_iot",
  "strategy": "weighted_loss",
  "model": "GCN",
  "seeds": [
    0,
    1
  ],
  "n_seeds": 2,
  "per_seed_results": [
    {
      "seed": 0,
      "epochs_ran": 27,
      "acc": 0.9075568518682576,
      "macro_f1": 0.7105516935238705,
      "precision": 0.7151380576444495,
      "recall": 0.7133062879185185,
      "per_class": {
        "DDoS": {
          "f1": 0.9201231285449475,
          "precision": 0.8589559241482202,
          "recall": 0.9906698260357272
        },
        "DoS": {
          "f1": 0.888872935389999,
          "precision": 0.9901432391919688,
          "recall": 0.8063960110507948
        },
        "Normal": {
          "f1": 0.8155339805825242,
          "precision": 0.8484848484848485,
          "recall": 0.7850467289719626
        },
        "Reconnaissance": {
          "f1": 0.9282284231018819,
          "precision": 0.8781062763972105,
          "recall": 0.9844188735341078
        },
        "Theft": {
          "f1": 0.0,
          "precision": 0.0,
          "recall": 0.0
        }
      }
    },
    {
      "seed": 1,
      "epochs_ran": 32,
      "acc": 0.8731288460621094,
      "macro_f1": 0.6977805835561983,
      "precision": 0.69338351526412,
      "recall": 0.7170022696437839,
      "per_class": {
        "DDoS": {
          "f1": 0.8923567027632562,
          "precision": 0.8106778104997127,
          "recall": 0.9923386165389337
        },
        "DoS": {
          "f1": 0.8390747636480389,
          "precision": 0.989533859589915,
          "recall": 0.72833159654905
        },
        "Normal": {
          "f1": 0.8016877637130801,
          "precision": 0.7307692307692307,
          "recall": 0.8878504672897196
        },
        "Reconnaissance": {
          "f1": 0.9557836876566163,
          "precision": 0.9359366754617414,
          "recall": 0.9764906678412156
        },
        "Theft": {
          "f1": 0.0,
          "precision": 0.0,
          "recall": 0.0
        }
      }
    }
  ],
  "overall": {
    "acc": {
      "mean": 0.8903428489651835,
      "std": 0.024344276368257256
    },
    "macro_f1": {
      "mean": 0.7041661385400344,
      "std": 0.0090305384614201
    },
    "precision": {
      "mean": 0.7042607864542847,
      "std": 0.015382784438741111
    },
    "recall": {
      "mean": 0.7151542787811511,
      "std": 0.0026134537410767325
    }
  },
  "per_class": {
    "DDoS": {
      "f1": {
        "mean": 0.9062399156541019,
        "std": 0.019633827959546907
      },
      "precision": {
        "mean": 0.8348168673239664,
        "std": 0.03413778154375449
      },
      "recall": {
        "mean": 0.9915042212873304,
        "std": 0.0011800130811970718
      }
    },
    "DoS": {
      "f1": {
        "mean": 0.863973849519019,
        "std": 0.0352126249294323
      },
      "precision": {
        "mean": 0.9898385493909418,
        "std": 0.00043089644892897435
      },
      "recall": {
        "mean": 0.7673638037999224,
        "std": 0.05519987686354123
      }
    },
    "Normal": {
      "f1": {
        "mean": 0.8086108721478023,
        "std": 0.00979075384216349
      },
      "precision": {
        "mean": 0.7896270396270396,
        "std": 0.08323751153827662
      },
      "recall": {
        "mean": 0.8364485981308412,
        "std": 0.07269322049581331
      }
    },
    "Reconnaissance": {
      "f1": {
        "mean": 0.9420060553792491,
        "std": 0.019484514424041963
      },
      "precision": {
        "mean": 0.9070214759294759,
        "std": 0.040892267337253985
      },
      "recall": {
        "mean": 0.9804547706876617,
        "std": 0.005606088008085872
      }
    },
    "Theft": {
      "f1": {
        "mean": 0.0,
        "std": 0.0
      },
      "precision": {
        "mean": 0.0,
        "std": 0.0
      },
      "recall": {
        "mean": 0.0,
        "std": 0.0
      }
    }
  }
}