{
  "dataset": "bot_iot",
  "strategy": "GraphSMOTE",
  "model": "GCN",
  "seeds": [
    0,
    1
  ],
  "n_seeds": 2,
  "per_seed_results": [
    {
      "seed": 0,
      "epochs_ran": 45,
      "acc": 0.8680123482871182,
      "macro_f1": 0.6799540082409645,
      "precision": 0.67663766744457,
      "recall": 0.7073752722486528,
      "per_class": {
        "DDoS": {
          "f1": 0.8884490882445694,
          "precision": 0.8029056816491095,
          "recall": 0.9943941096626344
        },
        "DoS": {
          "f1": 0.8312281946869697,
          "precision": 0.9893572533768243,
          "recall": 0.716681005234587
        },
        "Normal": {
          "f1": 0.7169811320754716,
          "precision": 0.6012658227848101,
          "recall": 0.8878504672897196
        },
        "Reconnaissance": {
          "f1": 0.9631116261978121,
          "precision": 0.9896595794121065,
          "recall": 0.9379507790563233
        },
        "Theft": {
          "f1": 0.0,
          "precision": 0.0,
          "recall": 0.0
        }
      }
    },
    {
      "seed": 1,
      "epochs_ran": 77,
      "acc": 0.9962355442582509,
      "macro_f1": 0.7536928503727032,
      "precision": 0.7454785444213969,
      "recall": 0.7639711028068805,
      "per_class": {
        "DDoS": {
          "f1": 0.9971284866060891,
          "precision": 0.9966062849839129,
          "recall": 0.9976512357614279
        },
        "DoS": {
          "f1": 0.9965341654970044,
          "precision": 0.9961977992038386,
          "recall": 0.9968707590151221
        },
        "Normal": {
          "f1": 0.8017241379310345,
          "precision": 0.744,
          "recall": 0.8691588785046729
        },
        "Reconnaissance": {
          "f1": 0.9730774618293879,
          "precision": 0.9905886379192334,
          "recall": 0.9561746407531796
        },
        "Theft": {
          "f1": 0.0,
          "precision": 0.0,
          "recall": 0.0
        }
      }
    }
  ],
  "overall": {
    "acc": {
      "mean": 0.9321239462726845,
      "std": 0.09066749137659956
    },
    "macro_f1": {
      "mean": 0.7168234293068338,
      "std": 0.05214123530819669
    },
    "precision": {
      "mean": 0.7110581059329835,
      "std": 0.04867785093314321
    },
    "recall": {
      "mean": 0.7356731875277667,
      "std": 0.040019295574607636
    }
  },
  "per_class": {
    "DDoS": {
      "f1": {
        "mean": 0.9427887874253292,
        "std": 0.07684793955670477
      },
      "precision": {
        "mean": 0.8997559833165112,
        "std": 0.13696701013796508
      },
      "recall": {
        "mean": 0.9960226727120312,
        "std": 0.002303135951636549
      }
    },
    "DoS": {
      "f1": {
        "mean": 0.913881180091987,
        "std": 0.11688897293040096
      },
      "precision": {
        "mean": 0.9927775262903314,
        "std": 0.0048369963412990885
      },
      "recall": {
        "mean": 0.8567758821248546,
        "std": 0.1981240749172055
      }
    },
    "Normal": {
      "f1": {
        "mean": 0.7593526350032531,
        "std": 0.05992235409859978
      },
      "precision": {
        "mean": 0.672632911392405,
        "std": 0.10092830461594317
      },
      "recall": {
        "mean": 0.8785046728971962,
        "std": 0.013216949181056965
      }
    },
    "Reconnaissance": {
      "f1": {
        "mean": 0.9680945440136,
        "std": 0.007046909955277786
      },
      "precision": {
        "mean": 0.9901241086656699,
        "std": 0.0006569435705084663
      },
      "recall": {
        "mean": 0.9470627099047515,
        "std": 0.012886216185252874
      }
    },
    "Theft": {
      "f1": {
        "mean": 0.0,
        "std": 0.0
      },
      "precision": {
        "mean": 0.0,
        "std": 0.0
      },
      "recall": {
        "mean": 0.0,
        "std": 0.0
      }
    }
  }
}