{
  "dataset": "bot_iot",
  "strategy": "unweighted_loss",
  "model": "GGNN",
  "seeds": [
    0,
    1
  ],
  "n_seeds": 2,
  "per_seed_results": [
    {
      "seed": 0,
      "epochs_ran": 52,
      "acc": 0.9981273127483117,
      "macro_f1": 0.5960914195911743,
      "precision": 0.5969672645062417,
      "recall": 0.5952253261970701,
      "per_class": {
        "DDoS": {
          "f1": 0.9986267836885784,
          "precision": 0.9988393981487492,
          "recall": 0.9984142597240138
        },
        "DoS": {
          "f1": 0.9985393991405915,
          "precision": 0.99784012705135,
          "recall": 0.999239651996898
        },
        "Normal": {
          "f1": 0.0,
          "precision": 0.0,
          "recall": 0.0
        },
        "Reconnaissance": {
          "f1": 0.9832909151267013,
          "precision": 0.9881567973311093,
          "recall": 0.9784727192644387
        },
        "Theft": {
          "f1": 0.0,
          "precision": 0.0,
          "recall": 0.0
        }
      }
    },
    {
      "seed": 1,
      "epochs_ran": 32,
      "acc": 0.9981886453002229,
      "macro_f1": 0.5959909017775207,
      "precision": 0.59701641337603,
      "recall": 0.5949785739416464,
      "per_class": {
        "DDoS": {
          "f1": 0.9987682123503261,
          "precision": 0.9990184775496214,
          "recall": 0.998518072508039
        },
        "DoS": {
          "f1": 0.9985455811243369,
          "precision": 0.9977588443984721,
          "recall": 0.9993335595191934
        },
        "Normal": {
          "f1": 0.0,
          "precision": 0.0,
          "recall": 0.0
        },
        "Reconnaissance": {
          "f1": 0.9826407154129405,
          "precision": 0.9883047449320561,
          "recall": 0.9770412376809998
        },
        "Theft": {
          "f1": 0.0,
          "precision": 0.0,
          "recall": 0.0
        }
      }
    }
  ],
  "overall": {
    "acc": {
      "mean": 0.9981579790242673,
      "std": 4.336866336389144e-05
    },
    "macro_f1": {
      "mean": 0.5960411606843474,
      "std": 7.107682766451416e-05
    },
    "precision": {
      "mean": 0.5969918389411358,
      "std": 3.475349911491934e-05
    },
    "recall": {
      "mean": 0.5951019500693583,
      "std": 0.00017448019308317258
    }
  },
  "per_class": {
    "DDoS": {
      "f1": {
        "mean": 0.9986974980194523,
        "std": 0.00010000516577594506
      },
      "precision": {
        "mean": 0.9989289378491852,
        "std": 0.0001266282587275141
      },
      "recall": {
        "mean": 0.9984661661160263,
        "std": 7.340672355812296e-05
      }
    },
    "DoS": {
      "f1": {
        "mean": 0.9985424901324642,
        "std": 4.371322627526907e-06
      },
      "precision": {
        "mean": 0.9977994857249111,
        "std": 5.747551504278029e-05
      },
      "recall": {
        "mean": 0.9992866057580457,
        "std": 6.64026458195278e-05
      }
    },
    "Normal": {
      "f1": {
        "mean": 0.0,
        "std": 0.0
      },
      "precision": {
        "mean": 0.0,
        "std": 0.0
      },
      "recall": {
        "mean": 0.0,
        "std": 0.0
      }
    },
    "Reconnaissance": {
      "f1": {
        "mean": 0.9829658152698209,
        "std": 0.00045976062672580724
      },
      "precision": {
        "mean": 0.9882307711315828,
        "std": 0.00010461475188978439
      },
      "recall": {
        "mean": 0.9777569784727193,
        "std": 0.001012210334793278
      }
    },
    "Theft": {
      "f1": {
        "mean": 0.0,
        "std": 0.0
      },
      "precision": {
        "mean": 0.0,
        "std": 0.0
      },
      "recall": {
        "mean": 0.0,
        "std": 0.0
      }
    }
  }
}