{
  "dataset": "bot_iot",
  "strategy": "weighted_loss",
  "model": "GraphSAGE",
  "seeds": [
    0,
    1
  ],
  "n_seeds": 2,
  "per_seed_results": [
    {
      "seed": 0,
      "epochs_ran": 46,
      "acc": 0.998140942204292,
      "macro_f1": 0.9782148398406193,
      "precision": 0.9894916469910559,
      "recall": 0.9692302876726755,
      "per_class": {
        "DDoS": {
          "f1": 0.9984841340664565,
          "precision": 0.9994721075132363,
          "recall": 0.9974981119049905
        },
        "DoS": {
          "f1": 0.99875554478979,
          "precision": 0.9982930712007215,
          "recall": 0.9992184470725087
        },
        "Normal": {
          "f1": 0.9907407407407407,
          "precision": 0.981651376146789,
          "recall": 1.0
        },
        "Reconnaissance": {
          "f1": 0.9800168565291862,
          "precision": 0.9680416800945322,
          "recall": 0.9922920222430215
        },
        "Theft": {
          "f1": 0.9230769230769231,
          "precision": 1.0,
          "recall": 0.8571428571428571
        }
      }
    },
    {
      "seed": 1,
      "epochs_ran": 70,
      "acc": 0.9984407902358577,
      "macro_f1": 0.9785468531769107,
      "precision": 0.9901718468576401,
      "recall": 0.9692079946166586,
      "per_class": {
        "DDoS": {
          "f1": 0.9987702975568267,
          "precision": 0.9994360648239586,
          "recall": 0.9981054166915385
        },
        "DoS": {
          "f1": 0.998754028967691,
          "precision": 0.9982930660347379,
          "recall": 0.9992154177975959
        },
        "Normal": {
          "f1": 0.9861751152073732,
          "precision": 0.9727272727272728,
          "recall": 1.0
        },
        "Reconnaissance": {
          "f1": 0.9859579010757398,
          "precision": 0.9804028307022319,
          "recall": 0.991576281451302
        },
        "Theft": {
          "f1": 0.9230769230769231,
          "precision": 1.0,
          "recall": 0.8571428571428571
        }
      }
    }
  ],
  "overall": {
    "acc": {
      "mean": 0.9982908662200749,
      "std": 0.000212024576445613
    },
    "macro_f1": {
      "mean": 0.978380846508765,
      "std": 0.00023476888153602107
    },
    "precision": {
      "mean": 0.989831746924348,
      "std": 0.0004809739382239412
    },
    "recall": {
      "mean": 0.9692191411446671,
      "std": 1.5763571082896367e-05
    }
  },
  "per_class": {
    "DDoS": {
      "f1": {
        "mean": 0.9986272158116416,
        "std": 0.00020234814456873682
      },
      "precision": {
        "mean": 0.9994540861685974,
        "std": 2.5486030000464433e-05
      },
      "recall": {
        "mean": 0.9978017642982645,
        "std": 0.0004294293328151566
      }
    },
    "DoS": {
      "f1": {
        "mean": 0.9987547868787405,
        "std": 1.0718480852413552e-06
      },
      "precision": {
        "mean": 0.9982930686177297,
        "std": 3.652902063954146e-09
      },
      "recall": {
        "mean": 0.9992169324350524,
        "std": 2.1420208329209147e-06
      }
    },
    "Normal": {
      "f1": {
        "mean": 0.988457927974057,
        "std": 0.0032283847750025924
      },
      "precision": {
        "mean": 0.9771893244370309,
        "std": 0.006310294043949974
      },
      "recall": {
        "mean": 1.0,
        "std": 0.0
      }
    },
    "Reconnaissance": {
      "f1": {
        "mean": 0.982987378802463,
        "std": 0.004200952886199359
      },
      "precision": {
        "mean": 0.974222255398382,
        "std": 0.008740653417972678
      },
      "recall": {
        "mean": 0.9919341518471618,
        "std": 0.000506105167396639
      }
    },
    "Theft": {
      "f1": {
        "mean": 0.9230769230769231,
        "std": 0.0
      },
      "precision": {
        "mean": 1.0,
        "std": 0.0
      },
      "recall": {
        "mean": 0.8571428571428571,
        "std": 0.0
      }
    }
  }
}