{
  "dataset": "bot_iot",
  "strategy": "GraphSMOTE",
  "model": "GraphSAGE",
  "seeds": [
    0,
    1
  ],
  "n_seeds": 2,
  "per_seed_results": [
    {
      "seed": 0,
      "epochs_ran": 80,
      "acc": 0.998248614906536,
      "macro_f1": 0.7763444275196385,
      "precision": 0.7701836013611298,
      "recall": 0.7832528621629568,
      "per_class": {
        "DDoS": {
          "f1": 0.9986371954780848,
          "precision": 0.9988290610939321,
          "recall": 0.9984454035592213
        },
        "DoS": {
          "f1": 0.998702841790593,
          "precision": 0.9980215571615698,
          "recall": 0.9993850571927103
        },
        "Normal": {
          "f1": 0.9017857142857143,
          "precision": 0.8632478632478633,
          "recall": 0.9439252336448598
        },
        "Reconnaissance": {
          "f1": 0.9825963860438005,
          "precision": 0.9908195253022839,
          "recall": 0.9745086164179926
        },
        "Theft": {
          "f1": 0.0,
          "precision": 0.0,
          "recall": 0.0
        }
      }
    },
    {
      "seed": 1,
      "epochs_ran": 100,
      "acc": 0.9982676961449084,
      "macro_f1": 0.7725681689723745,
      "precision": 0.7746139317543637,
      "recall": 0.7705474027527658,
      "per_class": {
        "DDoS": {
          "f1": 0.9987032356801003,
          "precision": 0.9990131664372711,
          "recall": 0.9983934971672087
        },
        "DoS": {
          "f1": 0.9986605419886032,
          "precision": 0.9979189541534711,
          "recall": 0.9994032328421869
        },
        "Normal": {
          "f1": 0.8826291079812206,
          "precision": 0.8867924528301887,
          "recall": 0.8785046728971962
        },
        "Reconnaissance": {
          "f1": 0.9828479592119482,
          "precision": 0.9893450853508869,
          "recall": 0.9764356108572373
        },
        "Theft": {
          "f1": 0.0,
          "precision": 0.0,
          "recall": 0.0
        }
      }
    }
  ],
  "overall": {
    "acc": {
      "mean": 0.9982581555257222,
      "std": 1.3492473046528304e-05
    },
    "macro_f1": {
      "mean": 0.7744562982460065,
      "std": 0.0026702180262840663
    },
    "precision": {
      "mean": 0.7723987665577468,
      "std": 0.003132716663952495
    },
    "recall": {
      "mean": 0.7769001324578613,
      "std": 0.008984116507036465
    }
  },
  "per_class": {
    "DDoS": {
      "f1": {
        "mean": 0.9986702155790925,
        "std": 4.6697474676093e-05
      },
      "precision": {
        "mean": 0.9989211137656016,
        "std": 0.00013018213672769428
      },
      "recall": {
        "mean": 0.998419450363215,
        "std": 3.6703361779022224e-05
      }
    },
    "DoS": {
      "f1": {
        "mean": 0.9986816918895981,
        "std": 2.9910476829818675e-05
      },
      "precision": {
        "mean": 0.9979702556575205,
        "std": 7.255128279674515e-05
      },
      "recall": {
        "mean": 0.9993941450174486,
        "std": 1.2852124997368479e-05
      }
    },
    "Normal": {
      "f1": {
        "mean": 0.8922074111334675,
        "std": 0.013545766222428444
      },
      "precision": {
        "mean": 0.875020158039026,
        "std": 0.016648538953916443
      },
      "recall": {
        "mean": 0.9112149532710281,
        "std": 0.046259322133699377
      }
    },
    "Reconnaissance": {
      "f1": {
        "mean": 0.9827221726278743,
        "std": 0.00017788909316183844
      },
      "precision": {
        "mean": 0.9900823053265855,
        "std": 0.0010425864880851505
      },
      "recall": {
        "mean": 0.975472113637615,
        "std": 0.001362590835298704
      }
    },
    "Theft": {
      "f1": {
        "mean": 0.0,
        "std": 0.0
      },
      "precision": {
        "mean": 0.0,
        "std": 0.0
      },
      "recall": {
        "mean": 0.0,
        "std": 0.0
      }
    }
  }
}