{
  "dataset": "bot_iot",
  "strategy": "weighted_loss",
  "model": "GGNN",
  "seeds": [
    0,
    1
  ],
  "n_seeds": 2,
  "per_seed_results": [
    {
      "seed": 0,
      "epochs_ran": 38,
      "acc": 0.9970519486714687,
      "macro_f1": 0.9757702510559098,
      "precision": 0.9850541589174251,
      "recall": 0.9690199344210729,
      "per_class": {
        "DDoS": {
          "f1": 0.997532103459216,
          "precision": 0.9995361768990039,
          "recall": 0.9955360502869126
        },
        "DoS": {
          "f1": 0.9983365648474831,
          "precision": 0.9976464822775275,
          "recall": 0.9990276027530051
        },
        "Normal": {
          "f1": 0.9953488372093023,
          "precision": 0.9907407407407407,
          "recall": 1.0
        },
        "Reconnaissance": {
          "f1": 0.9645568266866246,
          "precision": 0.937347394669853,
          "recall": 0.9933931619225899
        },
        "Theft": {
          "f1": 0.9230769230769231,
          "precision": 1.0,
          "recall": 0.8571428571428571
        }
      }
    },
    {
      "seed": 1,
      "epochs_ran": 35,
      "acc": 0.9977034366673254,
      "macro_f1": 0.9769297710361773,
      "precision": 0.9876365878139506,
      "recall": 0.9685680983594158,
      "per_class": {
        "DDoS": {
          "f1": 0.9980900855953476,
          "precision": 0.9993235490778153,
          "recall": 0.996859663283235
        },
        "DoS": {
          "f1": 0.9980301200991294,
          "precision": 0.9969290477025287,
          "recall": 0.9991336273749515
        },
        "Normal": {
          "f1": 0.981651376146789,
          "precision": 0.963963963963964,
          "recall": 1.0
        },
        "Reconnaissance": {
          "f1": 0.9838003502626971,
          "precision": 0.9779663783254448,
          "recall": 0.9897043439960359
        },
        "Theft": {
          "f1": 0.9230769230769231,
          "precision": 1.0,
          "recall": 0.8571428571428571
        }
      }
    }
  ],
  "overall": {
    "acc": {
      "mean": 0.9973776926693971,
      "std": 0.00046067157973189255
    },
    "macro_f1": {
      "mean": 0.9763500110460435,
      "std": 0.0008199044409684633
    },
    "precision": {
      "mean": 0.9863453733656878,
      "std": 0.0018260529846652674
    },
    "recall": {
      "mean": 0.9687940163902444,
      "std": 0.00031949634318236345
    }
  },
  "per_class": {
    "DDoS": {
      "f1": {
        "mean": 0.9978110945272818,
        "std": 0.0003945529522396619
      },
      "precision": {
        "mean": 0.9994298629884095,
        "std": 0.00015035057423136726
      },
      "recall": {
        "mean": 0.9961978567850738,
        "std": 0.0009359357253662442
      }
    },
    "DoS": {
      "f1": {
        "mean": 0.9981833424733062,
        "std": 0.00021668915961992697
      },
      "precision": {
        "mean": 0.997287764990028,
        "std": 0.0005073028530393706
      },
      "recall": {
        "mean": 0.9990806150639783,
        "std": 7.497072915105444e-05
      }
    },
    "Normal": {
      "f1": {
        "mean": 0.9885001066780457,
        "std": 0.009685567602341882
      },
      "precision": {
        "mean": 0.9773523523523524,
        "std": 0.01893404043717727
      },
      "recall": {
        "mean": 1.0,
        "std": 0.0
      }
    },
    "Reconnaissance": {
      "f1": {
        "mean": 0.9741785884746608,
        "std": 0.01360722601456407
      },
      "precision": {
        "mean": 0.9576568864976489,
        "std": 0.0287219587877745
      },
      "recall": {
        "mean": 0.9915487529593129,
        "std": 0.002608388170428802
      }
    },
    "Theft": {
      "f1": {
        "mean": 0.9230769230769231,
        "std": 0.0
      },
      "precision": {
        "mean": 1.0,
        "std": 0.0
      },
      "recall": {
        "mean": 0.8571428571428571,
        "std": 0.0
      }
    }
  }
}